slug,location,latitude,longitude,post,country,water,water_name,city_slug,water_name_slug,is_2020,city,bfsnum,population,buildings,streets,intersects
aabach,Aabach,47.220989,8.940365,8716,CH,l,Zurichsee,schmerikon,zurichsee,True,Schmerikon,3338,3710,715263,59550,12
aare-limmatspitz,Aare Limmatspitz,47.50106,8.237371,5300,CH,r,Aare,gebenstorf,aare,True,Gebenstorf,4029,5414,491022,37439,0
aare-port,Aare Port,47.11617,7.26955,2558,CH,r,Aare|Nidau-Büren-Kanal,port,aarenidau-buren-kanal,True,Port,745,3695,417986,34747,0
aare-solothurn-lido-strand,Aare Solothurn Lido Strand,47.196949,7.521643,4500,CH,r,Aare,solothurn,aare,True,Solothurn,2601,16777,64721,66513,0
aarezufluss_bern_scheurerk,aarezufluss_bern_scheurerk,46.9710097,7.4527897,3004,CH,r,Aare,bern,aare,False,Bern,351,133883,222812,89646,0
aare_bern_caveltin,Aare_Bern_CaveltiN,46.9235788,7.4733191,3074,CH,r,Aare,muri-bei-bern,aare,False,Muri bei Bern,356,13054,271450,85080,0
aare_bern_gerberm,Aare_bern_gerberm,46.9893631,7.4520977,3004,CH,r,Aare,bern,aare,False,Bern,351,133883,816375,26726,0
aare_bern_scheurerk,aare_bern_scheurerk,46.9709672,7.4525857,3004,CH,r,Aare,bern,aare,True,Bern,351,133883,166253,103501,0
aare_brugg_buchie,Aare_Brugg_BuchiE,47.4948553,8.2365581,5200,CH,r,Aare,brugg,aare,False,Brugg,4095,11179,147931,178634,0
aare_elfenau_cataldiv,Aare_Elfenau_cataldiv,46.9310201,7.4629605,3006,CH,r,Aare,bern,aare,False,Bern,351,133883,71814,45179,0
aare_kehrsatz_stolten,aare_kehrsatz_stolten,46.9235719,7.4883011,3123,CH,r,Aare,belp,aare,False,Belp,861,11510,123504,77451,0
aare_koniz_hoppej,aare_köniz_hoppej,46.9345885,7.4581703,3084,CH,r,Aare,koniz,aare,True,Köniz,355,41784,1657087,50844,0
aare_post,Aare_post,47.116665,7.271953,2562,CH,r,Aare|Nidau-Büren-Kanal,port,aarenidau-buren-kanal,True,Port,745,3695,143166,127902,0
aare_rupperswil_badert,aare_rupperswil_badert,47.410309,8.1125537,5102,CH,r,Aare,rupperswil,aare,False,Rupperswil,4206,5489,265749,141165,0
aare_solothurn_nguyena,aare_solothurn_nguyena,47.1977495,7.5242247,4500,CH,r,Aare,solothurn,aare,False,Solothurn,2601,16777,315743,90845,0
aare_suhrespitz_badert,aare_suhrespitz_badert,47.4056692,8.066018,5032,CH,r,Aare,aarau,aare,True,Aarau,4001,21506,96022,49473,0
anarchy-beach,Anarchy Beach,46.447216,6.859612,1814,CH,l,Lac Léman,la-tour-de-peilz,lac-leman,True,La Tour-de-Peilz,5889,11828,662622,56818,3
arabie,Arabie,46.462099,6.834972,1800,CH,l,Lac Léman,vevey,lac-leman,False,Vevey,5890,19891,319493,212050,5
arve_carouge_battistellak,arve_carouge_battistellak,46.1784912,6.1543187,1234,CH,r,Arve,veyrier,arve,False,Veyrier,6645,11612,240300,62677,0
ascona-traghetto-spiaggia,Ascona traghetto spiaggia,46.153882,8.76848,6612,CH,l,Lago Maggiore,ascona,lago-maggiore,True,Ascona,5091,5481,416500,58081,2
augustmutzenbergstrandweg,AugustMützenbergStrandweg,46.68664,7.68976,3700,CH,l,Thunersee,spiez,thunersee,True,Spiez,768,12812,492941,28849,0
baby-plage-geneva,Baby Plage Geneva,46.208558,6.162923,1208,CH,l,Lac Léman,geneve,lac-leman,True,Genève,6621,201818,46294,48356,4
baby-plage-ii-geneve,Baby-Plage II Genève,46.20894,6.16433,1208,CH,l,Lac Léman,geneve,lac-leman,True,Genève,6621,201818,686919,67132,4
bagno-pubblico-ascona,Bagno Pubblico Ascona,46.147565,8.779144,6612,CH,l,Lago Maggiore,ascona,lago-maggiore,True,Ascona,5091,5481,237104,45839,1
bain-des-dames,Bain des Dames,46.4505068,6.8580918,1814,CH,l,Lac Léman,la-tour-de-peilz,lac-leman,True,La Tour-de-Peilz,5889,11828,450435,135559,2
baye-de-clarens,Baye de Clarens,46.439787,6.888903,1815,CH,l,Lac Léman,montreux,lac-leman,False,Montreux,5886,25984,440425,55037,4
baye-de-montreux-d,Baye de Montreux D,46.430962,6.908673,1820,CH,l,Lac Léman,montreux,lac-leman,False,Montreux,5886,25984,352343,121389,3
baye-de-montreux-g,Baye de Montreux G,46.430834,6.908778,1820,CH,l,Lac Léman,montreux,lac-leman,True,Montreux,5886,25984,205524,132795,3
beich,Beich,47.048495,7.200528,3272,CH,r,Aare,walperswil,aare,True,Walperswil,754,1043,261752,64289,0
berlingen-swisslitterreport,Berlingen swisslitterreport,47.6724312,9.0110553,8267,CH,l,Untersee,berlingen,untersee,False,Berlingen,4801,890,221962,49911,0
bern-fahrstrasse,Bern Fahrstrasse,46.975866,7.44421,3004,CH,r,Aare,bern,aare,True,Bern,351,133883,122838,126702,0
bern-tiergarten,Bern Tiergarten,46.9331574,7.4520041,3005,CH,r,Aare,bern,aare,True,Bern,351,133883,505702,42890,0
bielersee_vinelz_fankhausers,Bielersee_Vinelz_FankhauserS,47.0383984,7.1083114,3234,CH,l,Bielersee,vinelz,bielersee,True,Vinelz,502,867,164725,119591,6
birskopfli-rusco,Birsköpfli Rusco,47.5577429,7.6172916,4127,CH,r,Birs,birsfelden,birs,False,Birsfelden,2766,10303,206583,38782,0
birs_basel_grunern,Birs_Basel_GrunerN,47.5511276,7.6221988,4052,CH,r,Birs,basel,birs,False,Basel,2701,172258,144410,79655,0
birs_basel_laderachs,Birs_basel_läderachs,47.5460497,7.6225981,4052,CH,r,Birs,basel,birs,False,Basel,2701,172258,166341,86255,0
bodensee_altenrhein_caluoria,bodensee_altenrhein_caluoria,47.4865069,9.5439664,9422,CH,l,Bodensee,thal,bodensee,False,Thal,3237,6571,442639,41408,0
bodensee_arbon_moslis,Bodensee_Arbon_MosliS,47.5208887,9.431144,9320,CH,l,Bodensee,arbon,bodensee,False,Arbon,4401,14633,264879,62845,0
bodensee_horn_huberm,bodensee_horn_huberm,47.4982757,9.4569782,9326,CH,l,Bodensee,horn,bodensee,False,Horn,4421,2752,106990,97174,0
bodensee_steinach_dolder_a,Bodensee_Steinach_Dolder_A,47.5062992,9.4361714,9323,CH,l,Bodensee,steinach,bodensee,False,Steinach,3217,3606,400348,108701,0
bodensee_thal_schlachterj_1,bodensee_thal_schlachterj_1,47.4862163,9.5439099,9422,CH,l,Bodensee,thal,bodensee,False,Thal,3237,6571,470619,102589,0
boiron,Boiron,46.4910297,6.4801618,1131,CH,l,Lac Léman,tolochenaz,lac-leman,False,Tolochenaz,5649,1933,231444,72726,1
brugg-be-buren-bsg-standort,Brügg BE Büren BSG Standort,47.12222,7.28141,2555,CH,r,Aare|Nidau-Büren-Kanal,brugg,aarenidau-buren-kanal,True,Brügg,733,4390,365614,140814,0
camp-des-peches,Camp des pêches,47.052812,7.074053,2525,CH,l,Bielersee,le-landeron,bielersee,True,Le Landeron,6455,4645,517577,48557,8
camping-gwatt-strand,Camping Gwatt Strand,46.72714,7.62962,3645,CH,l,Thunersee,thun,thunersee,True,Thun,942,43734,456410,156577,6
canale-saleggi,Canale saleggi,46.2006245,9.015853,6500,CH,r,Ticino,bellinzona,ticino,True,Bellinzona,5002,43220,1041438,66779,0
chriesbach_duebendorf_schneidera,chriesbach_duebendorf_schneidera,47.4029195,8.6051458,8600,CH,r,Chriesbach,dubendorf,chriesbach,False,Dübendorf,191,28678,136538,40245,0
cudrefin-alternate,Cudrefin alternate,46.96397,7.027448,1588,CH,l,Neuenburgersee,cudrefin,neuenburgersee,True,Cudrefin,5456,1633,235871,93497,6
cully-plage,Cully plage,46.4888866,6.7413961,1096,CH,l,Lac Léman,bourg-en-lavaux,lac-leman,True,Bourg-en-Lavaux,5613,5369,460903,75981,8
delta-park,Delta park,46.720078,7.635304,3645,CH,l,Thunersee,spiez,thunersee,True,Spiez,768,12812,142915,113124,6
detligen-kraftwerk,detligen kraftwerk,47.00545,7.244617,3036,CH,r,Aare,detligen,aare,True,Radelfingen,309,1285,452387,37198,0
emme_biberist_jennim,emme_biberist_jennim,47.1692208,7.5589948,4562,CH,r,Emme,biberist,emme,False,Biberist,2513,8568,1074784,74724,0
emme_luterbach_huggenbergerk,emme_luterbach_huggenbergerk,47.2119442,7.5740144,4528,CH,r,Emme,zuchwil,emme,False,Zuchwil,2534,8962,928204,43729,0
emme_utzenstorf_gruttert,Emme_Utzenstorf_Grüttert,47.123696,7.539627,3427,CH,r,Emme,utzenstorf,emme,False,Utzenstorf,552,4333,109487,137996,0
erlach-camping-strand,Erlach camping strand,47.047159,7.097854,3235,CH,l,Bielersee,erlach,bielersee,True,Erlach,492,1385,188135,177267,8
evole-plage,Evole plage,46.989477,6.92392,2000,CH,l,Neuenburgersee,neuchatel,neuenburgersee,True,Neuchâtel,6458,33489,85455,118708,1
flibach-river-right-bank,Flibach River Right bank,47.133742,9.105461,8872,CH,l,Walensee,weesen,walensee,True,Weesen,3316,1724,240483,81480,8
gals-reserve,Gals reserve,47.0462719,7.0850075,3238,CH,l,Bielersee,gals,bielersee,True,Gals,494,827,464249,130101,8
gerra-gambarogno,gerra-gambarogno,46.123366,8.785786,6576,CH,l,Lago Maggiore,gambarogno,lago-maggiore,True,Gambarogno,5398,5192,664124,49013,17
glatt_oerlikon_covosn,glatt_oerlikon_covosN,47.4167691,8.566712,8152,CH,r,Glatt,opfikon,glatt,False,Opfikon,66,20361,65115,75212,0
goldach_goldach_schlachterj,goldach_goldach_schlachterj,47.4739111,9.4593094,9403,CH,r,Goldach,goldach,goldach,False,Goldach,3213,9269,550897,136059,0
grand-clos,Grand Clos,46.387746,6.843686,1898,CH,l,Lac Léman,saint-gingolph,lac-leman,True,Saint-Gingolph,6155,982,1872468,126940,6
greifensee_fallanden_meistery,greifensee_fällanden_meistery,47.3609381,8.6537228,8117,CH,l,Greifensee,fallanden,greifensee,False,Fällanden,193,8672,1041379,51831,0
greifensee_fallanden_simmenc,greifensee_fällanden_simmenc,47.3597141,8.6548433,8117,CH,l,Greifensee,fallanden,greifensee,False,Fällanden,193,8672,552987,65413,0
greifensee_greifensee_simmenc,greifensee_greifensee_simmenc,47.3635723,8.6756991,8606,CH,l,Greifensee,greifensee,greifensee,False,Greifensee,194,5358,103913,111924,0
greifensee_maur_simmenc,greifensee_maur_simmenc,47.3323864,8.6855146,8124,CH,l,Greifensee,maur,greifensee,False,Maur,195,10215,105869,140170,0
greifensee_uster_fischerb_-2,greifensee_uster_fischerb_ 2,47.347436,8.6898805,8610,CH,l,Greifensee,uster,greifensee,False,Uster,198,34722,187193,112333,0
greifensee_uster_fischerb_1,greifensee_uster_fischerb_1,47.3501274,8.6897972,8610,CH,l,Greifensee,uster,greifensee,False,Uster,198,34722,215131,81582,0
grendelbach_effretikon_dambonec,Grendelbach_Effretikon_DamboneC,47.4256491,8.6907062,8307,CH,r,Grändelbach,illnau-effretikon,grandelbach,False,Illnau-Effretikon,296,17068,857240,98733,0
gummligrabbe,Gummligrabbe,46.98929,7.25073,3283,CH,r,Aare,kallnach,aare,True,Kallnach,304,1920,45103,152966,0
gasi-strand,Gäsi Strand,47.128442,9.110831,8872,CH,l,Walensee,weesen,walensee,True,Weesen,3316,1724,512227,96389,8
hauterive-petite-plage,Hauterive Petite plage,47.010797,6.980304,2068,CH,l,Neuenburgersee,hauterive-ne,neuenburgersee,True,Hauterive (NE),6454,2623,512042,103324,1
hafeli,Häfeli,46.6902834,7.8985922,3806,CH,l,Brienzersee,bonigen,brienzersee,True,Bönigen,572,2536,302091,153155,5
impromptu_cudrefin,Impromptu_Cudrefin,46.964496,7.027936,1588,CH,l,Neuenburgersee,cudrefin,neuenburgersee,True,Cudrefin,5456,1633,661366,87159,6
inn_pradella_kohlt,Inn_Pradella_KohlT,46.800876,10.319994,7550,CH,r,Inn,scuol,inn,False,Scuol,3762,4591,396521,131821,0
jardin-botanique,Jardin Botanique,46.2259088,6.1493572,1202,CH,l,Lac Léman,geneve,lac-leman,False,Genève,6621,201818,894696,42320,0
jona-river-rastplatz,Jona river Rastplatz,47.2161,8.84443,8654,CH,r,Jona,jona-city,jona,True,Rapperswil-Jona,3340,26999,1275454,61551,4
jona_tann_nusslin,jona_tann_nusslin,47.2684272,8.8641251,8635,CH,r,Jona,durnten,jona,False,Dürnten,113,7637,437986,52599,0
katzenbach_zuerich_sanesim,katzenbach_zuerich_sanesim,47.4284728,8.513088,8046,CH,l,Katzensee,zurich,katzensee,False,Zürich,261,415367,1036400,74097,0
katzensee_regensdorfzuerichaffoltern_stueberj,katzensee_regensdorfzuerichaffoltern_stueberj,47.4311281,8.4929243,8046,CH,l,Katzensee,zurich,katzensee,False,Zürich,261,415367,165738,88234,0
kusnachter-dorfbach-tobelweg-1-4,Küsnachter Dorfbach Tobelweg 1-4,47.31777,8.588258,8700,CH,r,Dorfbach,kusnacht,dorfbach,True,Küsnacht (ZH),154,14397,1301147,67063,3
la-morges,La Morges,46.504063,6.494099,1110,CH,l,Lac Léman,morges,lac-leman,False,Morges,5642,15708,77688,62569,1
la-pecherie,La Pêcherie,46.4639187,6.3857321,1165,CH,l,Lac Léman,allaman,lac-leman,True,Allaman,5851,442,413064,120229,3
la-petite-plage,La Petite plage,46.785054,6.656877,1400,CH,l,Neuenburgersee,yverdon-les-bains,neuenburgersee,True,Yverdon-les-Bains,5938,30157,337244,130217,7
la-thiele_le-mujon_confluence,La Thièle_Le Mujon_confluence,46.77534,6.6309,1400,CH,r,La Thièle,yverdon-les-bains,la-thiele,True,Yverdon-les-Bains,5938,30157,2061509,40419,0
lac-leman-hammerdirt,Lac Léman Hammerdirt,46.4503892,6.8582342,1814,CH,l,Lac Léman,la-tour-de-peilz,lac-leman,False,La Tour-de-Peilz,5889,11828,515401,176988,2
lacleman_gland_kubela,lacléman_gland_kubela,46.4028693,6.2819358,1196,CH,l,Lac Léman,gland,lac-leman,False,Gland,5721,13109,458923,50825,0
lacleman_gland_lecoanets,Lacléman_Gland_LecoanetS,46.4028106,6.2819586,1196,CH,l,Lac Léman,gland,lac-leman,True,Gland,5721,13109,393689,42792,0
lacleman_vidy_santie,lacléman_vidy_santie,46.5183178,6.5896078,1007,CH,l,Lac Léman,lausanne,lac-leman,False,Lausanne,5586,139111,132831,68911,2
langete_langenthal_geiserm,langete_langenthal_geiserm,47.2165332,7.7923041,4900,CH,r,Langeten,langenthal,langeten,False,Langenthal,329,15624,645901,83908,0
lavey-la-source,Lavey la source,46.200804,7.021866,1892,CH,r,Rhône,lavey-morcles,rhone,True,Lavey-Morcles,5406,946,578345,96499,0
lavey-les-bains,Lavey les bains,46.2051587,7.012722,1892,CH,r,Rhône,lavey-les-bains,rhone,True,Lavey-Morcles,5406,946,2087532,67393,0
lavey-les-bains-2,lavey les bains-2,46.207726,7.011685,Postal-code,CH,r,Rhône,lavey-morcles,rhone,True,Lavey-Morcles,5406,946,62250,63875,0
le-pierrier,Le Pierrier,46.439727,6.888968,1815,CH,l,Lac Léman,montreux,lac-leman,True,Montreux,5886,25984,310885,58024,4
le-port,Le Port,46.452245,6.85518,1814,CH,l,Lac Léman,la-tour-de-peilz,lac-leman,False,La Tour-de-Peilz,5889,11828,444404,124400,2
les-glariers,Les Glariers,46.176736,7.228925,6139,CH,r,Rhône,riddes,rhone,True,Riddes,6139,3133,278886,105251,0
les-vieux-ronquoz,Les Vieux Ronquoz,46.2220487,7.361664,1950,CH,r,Rhône,sion,rhone,True,Sion,6266,34708,164824,102898,0
leuk-mattenstrasse,leuk mattenstrasse,46.3147545,7.6225205,3953,CH,r,Rhône,leuk,rhone,True,Leuk,6110,3949,950844,68049,0
ligerz-strand,Ligerz strand,47.083979,7.135894,2514,CH,l,Bielersee,ligerz,bielersee,True,Ligerz,740,544,93921,53452,4
limmat_dietikon_keiserp,limmat_dietikon_keiserp,47.4079891,8.4095398,8953,CH,r,Limmat,dietikon,limmat,True,Dietikon,243,27265,271118,176898,0
limmat_unterengstringen_oggierbuhrer,Limmat_Unterengstringen_OggierBührer,47.4094003,8.4469334,8103,CH,r,Limmat,unterengstringen,limmat,True,Unterengstringen,249,3881,1043401,118399,0
limmat_zuerich_jansena,Limmat_Zuerich_JansenA,47.4000247,8.4846847,8064,CH,r,Limmat,zurich,limmat,True,Zürich,261,415367,374499,56675,0
limmat_zuerich_suterdglauserp,limmat_zuerich_suterd&glauserp,47.3945393,8.5134435,8005,CH,r,Limmat,zurich,limmat,True,Zürich,261,415367,130592,58321,0
limmat_zuerich_wagnerc,Limmat_Zuerich_WagnerC,47.4034956,8.4777701,8064,CH,r,Limmat,zurich,limmat,True,Zürich,261,415367,1474718,48280,0
limmat_zurich_mortensena_meiera,limmat_zürich_mortensena_meiera,47.4002515,8.485411,8064,CH,r,Limmat,zurich,limmat,True,Zürich,261,415367,274250,65348,0
linthdammweg,Linthdammweg,47.13179,9.09191,8872,CH,r,Linthkanal,weesen,linthkanal,True,Weesen,3316,1724,646892,39727,6
linth_mollis,Linth_Mollis,47.13137,9.094768,8872,CH,r,Linthkanal,glarus-nord,linthkanal,True,Glarus Nord,1630,18483,874723,94192,7
linth_route9brucke,Linth_Route9brücke,47.12573,9.11734,8757,CH,r,Escherkanal,glarus-nord,escherkanal,True,Glarus Nord,1630,18483,152518,156683,6
lorze_baar_blarere,Lorze_Baar_BlarerE,47.1954019,8.540237,6340,CH,r,Lorze,baar,lorze,False,Baar,1701,24468,464249,176927,0
luscherz-plage,Lüscherz plage,47.0479551,7.151242,2576,CH,l,Bielersee,luscherz,bielersee,True,Lüscherz,497,560,240150,46161,6
luscherz-two,Lüscherz two,47.047519,7.1528292,2573,CH,l,Bielersee,luscherz,bielersee,True,Lüscherz,497,560,543793,72385,6
lotschebach_bern_scheurerk,lötschebach_bern_scheurerk,46.964946,7.4928359,3072,CH,r,Lötschebach,ostermundigen,lotschebach,False,Ostermundigen,363,17751,314970,71029,0
magadino-lido,Magadino lido,46.1493486,8.8556628,6573,CH,l,Lago Maggiore,gambarogno,lago-maggiore,True,Gambarogno,5398,5192,146320,42792,21
maladaire,Maladaire,46.446296,6.87696,1814,CH,l,Lac Léman,la-tour-de-peilz,lac-leman,True,La Tour-de-Peilz,5889,11828,1043362,90461,3
mammern-swisslitterreport,Mammern swisslitterreport,47.6558366,8.9553168,8266,CH,l,Untersee,steckborn,untersee,False,Steckborn,4864,3753,458937,161469,0
mannewil,Mannewil,46.996382,7.239024,3283,CH,r,Aare,kallnach,aare,True,Kallnach,304,1920,832686,42931,0
mols-rocks,mols rocks,47.1143432,9.2881737,8885,CH,l,Walensee,quarten,walensee,True,Quarten,3295,2937,29783,106105,7
murg-bad,Murg Bad,47.115307,9.215691,8877,CH,l,Walensee,quarten,walensee,True,Quarten,3295,2937,523737,58522,6
murg_waengi_strickerr,Murg_Waengi_StrickerR,47.49361,8.9615928,9545,CH,r,Murg,wangi,murg,False,Wängi,4781,4720,42751,79411,0
muhlehorn-dorf,Mühlehorn dorf,47.118448,9.172124,8874,CH,l,Walensee,glarus-nord,walensee,True,Glarus Nord,1630,18483,90967,106984,7
mullermatte,Müllermatte,47.133339,7.227907,2505,CH,l,Bielersee,biel,bielersee,True,Biel/Bienne,371,55159,842757,99633,4
neuenburgersee_cudrefin_mattera,Neuenburgersee_Cudrefin_MatterA,46.9627089,7.0259681,1588,CH,l,Neuenburgersee,cudrefin,neuenburgersee,False,Cudrefin,5456,1633,561480,113865,6
nidau-strand,Nidau strand,47.127196,7.232613,2560,CH,l,Bielersee,nidau,bielersee,True,Nidau,743,6823,113753,187838,4
nouvelle-plage,Nouvelle plage,46.8566464,6.848428,1470,CH,l,Neuenburgersee,estavayer,neuenburgersee,True,Estavayer,2054,9716,45847,43375,4
oben-am-see,Oben am see,46.74445107,8.0499211,3855,CH,l,Brienzersee,brienze-be,brienzersee,True,Brienz (BE),573,3092,382515,80832,12
oberi-chlihochstetten,Oberi Chlihöchstetten,46.896025,7.532114,3113,CH,r,Aare,rubigen,aare,True,Rubigen,623,2929,361240,67175,0
ognonnaz-1,Ognonnaz 1,46.4599413,6.8591341,1800,CH,r,Ognonnaz,vevey,ognonnaz,False,Vevey,5890,19891,451623,57244,1
oyonne,Oyonne,46.456682,6.852262,1814,CH,l,Lac Léman,la-tour-de-peilz,lac-leman,True,La Tour-de-Peilz,5889,11828,549215,108796,2
pacha-mama-gerra,pacha mama-gerra,46.123473,8.783508,6576,CH,l,Lago Maggiore,gambarogno,lago-maggiore,True,Gambarogno,5398,5192,172305,84407,18
parc-des-pierrettes,Parc des Pierrettes,46.515215,6.575531,1025,CH,l,Lac Léman,saint-sulpice,lac-leman,True,Saint-Sulpice (VD),5648,4668,195716,70663,1
pecos-plage,Pécos Plage,46.80359,6.63665,1422,CH,l,Neuenburgersee,grandson,neuenburgersee,True,Grandson,5561,3357,197704,68282,6
pfaffner_rothrist_ischik,Pfaffner_Rothrist_Ischik,47.2985678,7.8994664,4852,CH,r,Pfaffnern,rothrist,pfaffnern,False,Rothrist,4282,9127,122932,144548,0
pfafikon-bad,Pfäfikon bad,47.206766,8.774182,8808,CH,l,Zurichsee,freienbach,zurichsee,True,Freienbach,1322,16391,1192274,167239,6
pierrier-sud,Pierrier sud,46.4395601,6.8910001,1815,CH,l,Lac Léman,montreux,lac-leman,False,Montreux,5886,25984,56443,95911,4
plage-de-cheyres,Plage de Cheyres,46.818689,6.782256,1468,CH,l,Neuenburgersee,cheyres,neuenburgersee,True,Cheyres-Châbles,2055,2320,1029031,108943,6
plage-de-dorigny,Plage de Dorigny,46.518169,6.583319,1025,CH,l,Lac Léman,saint-sulpice,lac-leman,False,Saint-Sulpice (VD),5648,4668,51239,118203,1
plage-de-serriere,Plage de Serrière,46.98485,6.91345,2000,CH,l,Neuenburgersee,neuchatel,neuenburgersee,True,Neuchâtel,6458,33489,569455,59499,2
plage-de-st-sulpice,Plage de St Sulpice,46.513265,6.570977,1025,CH,l,Lac Léman,saint-sulpice,lac-leman,True,Saint-Sulpice (VD),5648,4668,254372,51389,1
pointe-dareuse,Pointe d'Areuse,46.94619,6.87097,2017,CH,l,Neuenburgersee,boudry,neuenburgersee,True,Boudry,6404,6154,56253,109589,7
pont-sous-terre,Pont sous-terre,46.2029598,6.13157672,1205,CH,r,Rhône,geneve,rhone,True,Genève,6621,201818,1175612,105301,2
preverenges,Préverenges,46.51269,6.527657,1028,CH,l,Lac Léman,preverenges,lac-leman,True,Préverenges,5643,5287,646465,115553,2
preverenges-le-sout,preverenges-le sout,46.5089049,6.5345263,1028,CH,l,Lac Léman,preverenges,lac-leman,True,Préverenges,5643,5287,497170,72647,1
quai-maria-belgia,Quai Maria Belgia,46.460156,6.836718,1800,CH,l,Lac Léman,vevey,lac-leman,True,Vevey,5890,19891,329632,85236,4
rastplatz-stampf,Rastplatz Stampf,47.215177,8.844286,8645,CH,l,Zurichsee,jona-city,zurichsee,True,Rapperswil-Jona,3340,26999,471029,53937,5
reuss,Reuss,47.3298691,8.3568493,5626,CH,r,Reuss,bremgarten,reuss,False,Bremgarten (AG),4063,7946,107729,87746,0
reuss_hunenberg_eberhardy,reuss_hünenberg_eberhardy,47.2329755,8.4010121,6331,CH,r,Reuss,hunenberg,reuss,True,Hünenberg,1703,8808,151519,68886,0
reuss_ottenbach_schoenenbergerl,reuss_ottenbach_schoenenbergerl,47.2783545,8.3942242,5634,CH,r,Reuss,merenschwand,reuss,True,Merenschwand,4234,3549,589612,65968,0
reuss_stkarli_linigersimhofy,Reuss_St.Karli_LinigerS/ImhofY,47.0571118,8.2879145,6004,CH,r,Reuss,luzern,reuss,False,Luzern,1061,81691,274017,57824,0
rhein-beach-tinguely,Rhein Beach Tinguely,47.5586439,7.6121536,4058,CH,r,Rhein,basel,rhein,False,Basel,2701,172258,256007,87313,0
rhein_basel,Rhein_Basel,47.5568018,7.6010856,4058,CH,r,Rhein,basel,rhein,False,Basel,2701,172258,71030,65298,0
rhein_basel_hungerbuehlern,Rhein_Basel_HungerbuehlerN,47.5582176,7.6103488,4058,CH,r,Rhein,basel,rhein,False,Basel,2701,172258,129644,73015,0
rhein_domatems_foppa_f,rhein_domatems_foppa_f,46.8380375,9.4476387,7013,CH,r,Rhein,domat-ems,rhein,False,Domat/Ems,3722,8038,322818,61771,0
rhein_eglisau_gomringerp,rhein_eglisau_gomringerp,47.5733159,8.5345847,8193,CH,r,Rhein,eglisau,rhein,False,Eglisau,55,5217,173070,48471,0
rhein_hemishofen_stolll,Rhein_Hemishofen_StollL,47.6755236,8.8280292,8261,CH,r,Rhein,hemishofen,rhein,False,Hemishofen,2962,468,892173,32580,0
rivapiana,Rivapiana,46.172079,8.813255,6648,CH,l,Lago Maggiore,minusio,lago-maggiore,True,Minusio,5118,7302,704668,156633,7
rocky-plage,Rocky plage,46.20973675,6.16495237,1208,CH,l,Lac Léman,geneve,lac-leman,True,Genève,6621,201818,1582331,92999,4
rolle-plage,Rolle-plage,46.4613,6.349739,1180,CH,l,Lac Léman,rolle,lac-leman,False,Rolle,5861,6259,329162,76760,5
route-13,Route 13,46.162521,8.7825791,6600,CH,r,Maggia,locarno,maggia,True,Locarno,5113,15826,352251,72218,1
ruisseau-de-la-croix-plage,Ruisseau de la croix plage,46.81392,6.7747,1468,CH,l,Neuenburgersee,cheyres,neuenburgersee,True,Cheyres-Châbles,2055,2320,718602,179104,7
saint-sulpice,Saint Sulpice,46.507808,6.545344,1025,CH,l,Lac Léman,saint-sulpice,lac-leman,False,Saint-Sulpice (VD),5648,4668,371963,70243,1
san-nazzaro-gambarogno,san nazzaro-gambarogno,46.130443,8.798657,6575,CH,l,Lago Maggiore,gambarogno,lago-maggiore,True,Gambarogno,5398,5192,75491,62762,13
schiffenensee_duedingen_hirschij,schiffenensee_duedingen_hirschij,46.8591514,7.1764374,3186,CH,l,Schiffenensee,dudingen,schiffenensee,False,Düdingen,2293,7964,744864,116211,0
schmerikon-bahnhof-strand,Schmerikon Bahnhof Strand,47.22478,8.94418,Postal-code,CH,l,Zurichsee,schmerikon,zurichsee,True,Schmerikon,3338,3710,85508,74173,10
schutzenmatte,Schútzenmatte,47.057666,7.634001,3400,CH,r,Emme,burgdorf,emme,True,Burgdorf,404,16420,319135,157177,0
schusspark-strand,Schüsspark strand,47.1465,7.26862,2504,CH,r,Schüss,biel,schuss,True,Biel/Bienne,371,55159,518253,59790,0
seeflechsen,seeflechsen,47.1302229,9.1033996,8872,CH,l,Walensee,glarus-nord,walensee,True,Glarus Nord,1630,18483,50411,28418,8
seemuhlestrasse-strand,Seemühlestrasse Strand,47.12864,9.2951,8880,CH,l,Walensee,walenstadt,walensee,True,Walenstadt,3298,5679,36968,124347,8
seez,Seez,47.11983,9.300251,8880,CH,r,Seez,walenstadt,seez,True,Walenstadt,3298,5679,597638,41313,8
seez_spennwiesenbrucke,Seez_Spennwiesenbrücke,47.114948,9.310123,8880,CH,r,Seez,walenstadt,seez,True,Walenstadt,3298,5679,525917,95340,4
sempachersee_sempach_tampec,sempachersee_sempach_tampec,47.1286181,8.1918737,6204,CH,l,Sempachsee,sempach,sempachsee,False,Sempach,1102,4169,126519,117922,0
sense_torishaus_g-cubes,Sense_Törishaus_g cubes,46.8831206,7.3531889,3174,CH,r,Sense,koniz,sense,False,Köniz,355,41784,895020,56094,0
sentiero-giro-del-golf-spiaggia,Sentiero Giro del Golf spiaggia,46.14577,8.79043,6612,CH,l,Lago Maggiore,ascona,lago-maggiore,True,Ascona,5091,5481,469544,84123,1
signalpain,Signalpain,46.7862,6.64736,1400,CH,l,Neuenburgersee,yverdon-les-bains,neuenburgersee,True,Yverdon-les-Bains,5938,30157,107653,36129,8
sihlsee_einsiedeln_schilligerllacherl,sihlsee_einsiedeln_schilligerllacherl,47.1413938,8.7603588,8840,CH,l,Sihlsee,einsiedeln,sihlsee,False,Einsiedeln,1301,15870,760868,132176,0
sihl_adliswil_oggi_fort,Sihl_Adliswil_Oggi_Fort,47.3124217,8.5262549,8134,CH,r,Sihl,adliswil,sihl,False,Adliswil,131,18769,141404,44328,0
sihl_leimbach_kruegerm,sihl_leimbach_kruegerm,47.3254361,8.5191195,8041,CH,r,Sihl,zurich,sihl,False,Zürich,261,415367,748284,109147,0
sihl_menzingen_kucharska_magdalena,Sihl_Menzingen_Kucharska_Magdalena,47.1915012,8.6184214,6313,CH,r,Sihl,menzingen,sihl,False,Menzingen,1704,4539,553264,58476,0
sihl_zuerich_eggerskoehlingera,sihl_zuerich_eggerskoehlingera,47.3818981,8.5383279,8005,CH,r,Sihl,zurich,sihl,True,Zürich,261,415367,792215,50155,0
sihl_zuerich_eichenbergerd,Sihl_zuerich_eichenbergerD,47.3395883,8.5166965,8041,CH,r,Sihl,zurich,sihl,True,Zürich,261,415367,1119406,58975,0
sihl_zuerich_scherfs,Sihl_Zuerich_ScherfS,47.3731495,8.5323698,8001,CH,r,Sihl,zurich,sihl,False,Zürich,261,415367,487973,37311,4
sihl_zurich_himmelhebern,sihl_zurich_himmelhebern,47.3430554,8.5186122,8041,CH,r,Sihl,zurich,sihl,False,Zürich,261,415367,104977,54763,0
sitter_gaiserwald_buehlerf,sitter_gaiserwald_buehlerf,47.4251609,9.3401037,9000,CH,r,Sitter,st-gallen,sitter,False,St. Gallen,3203,75833,724377,83881,0
sitter_stgallen_jennya,Sitter_St.Gallen_JennyA,47.4102424,9.320376,9014,CH,r,Sitter,st-gallen,sitter,False,St. Gallen,3203,75833,357129,167120,0
sitter_stgallen_steinbrunnerf,sitter_stgallen_steinbrunnerf,47.4332917,9.3580747,9000,CH,r,Sitter,st-gallen,sitter,False,St. Gallen,3203,75833,792451,32333,0
sorne_birse_wwfjura,sorne_birse_WWFJura,47.3709868,7.3609099,2800,CH,r,Birs,delemont,birs,False,Delémont,6711,12682,427068,64555,0
spackmatt,Späckmatt,47.223749,7.576711,4542,CH,r,Aare,luterbach,aare,True,Luterbach,2527,3480,632530,64861,0
strandbeiz,Strandbeiz,47.2158617,8.8430984,8645,CH,l,Zurichsee,jona-city,zurichsee,True,Rapperswil-Jona,3340,26999,155904,120308,4
strandboden-biel,Strandboden-Biel,47.13251,7.233142,2503,CH,l,Bielersee,biel,bielersee,True,Biel/Bienne,371,55159,2052713,95597,4
sundbach-strand,Sundbach strand,46.684386,7.794768,3803,CH,l,Thunersee,beatenberg,thunersee,True,Beatenberg,571,1195,140379,84442,6
thun-strandbad,Thun Strandbad,46.739939,7.63352,3504,CH,l,Thunersee,thun,thunersee,True,Thun,942,43734,560912,135203,5
thunersee_spiez_meierd_1,thunersee_spiez_meierd_1,46.7044368,7.6578824,3646,CH,l,Thunersee,spiez,thunersee,True,Spiez,768,12812,62620,73422,3
thur_schoenenberg_schaera,Thur_Schoenenberg_SchaerA,47.5240726,9.1983347,9214,CH,r,Thur,kradolf-schonenberg,thur,False,Kradolf-Schönenberg,4501,3592,579770,94586,0
thur_schwarzenbach_meiliw,thur_schwarzenbach_meiliw,47.4467866,9.0638156,9500,CH,r,Thur,wil,thur,False,Wil (SG),3427,23966,81824,75317,0
tiger-duck-beach,Tiger duck beach,46.518256,6.582546,1025,CH,l,Lac Léman,saint-sulpice,lac-leman,True,Saint-Sulpice (VD),5648,4668,114045,72046,1
tolochenaz,Tolochenaz,46.4975095,6.4828747,1131,CH,l,Lac Léman,tolochenaz,lac-leman,True,Tolochenaz,5649,1933,221523,70327,2
tschilljus,Tschilljus,46.304399,7.580262,3970,CH,r,Rhône,salgesch,rhone,True,Salgesch,6113,1548,460284,44618,0
toss_bauma_kurthe,Töss_Bauma_KurthE,47.3701757,8.8678249,8494,CH,r,Töss,bauma,ti12ss,False,Bauma,297,4965,632130,38223,0
toss_kollbrunn_burgid,töss_kollbrunn_bürgid,47.4545698,8.77968,8483,CH,r,Töss,zell,ti12ss,False,Zell (ZH),231,6032,318719,145652,0
toss_winterthur-2,Töss_Winterthur 2,47.4787073,8.7084264,8406,CH,r,Töss,winterthur,ti12ss,False,Winterthur,230,111851,279339,60357,0
unterdsee_ermatingen_brunkem,unterdsee_ermatingen_brunkem,47.6726333,9.0812462,8272,CH,l,Untersee,ermatingen,untersee,False,Ermatingen,4646,3455,218509,72127,0
untertenzen,Untertenzen,47.11526,9.25478,8882,CH,l,Walensee,quarten,walensee,True,Quarten,3295,2937,121252,39201,5
urnaesch_urnaesch_meierr,urnaesch_urnaesch_meierr,47.3250986,9.2954188,9107,CH,r,Urnäsch,hundwil,urnasch,False,Hundwil,3002,941,485033,125842,0
versoix,Versoix,46.289194,6.1705693,1290,CH,l,Lac Léman,versoix,lac-leman,True,Versoix,6644,13432,141316,78058,5
veveyse,Veveyse,46.461022,6.834983,1800,CH,l,Lac Léman,vevey,lac-leman,False,Vevey,5890,19891,530985,99630,5
vidy,Vidy,46.5147155,6.5985884,1007,CH,l,Lac Léman,lausanne,lac-leman,False,Lausanne,5586,139111,241800,45586,2
vidy-ruines,Vidy ruines,46.516221,6.596279,1007,CH,l,Lac Léman,lausanne,lac-leman,True,Lausanne,5586,139111,142186,97280,2
vierwaldstattersee_weggis_schoberls_1,vierwaldstättersee_weggis_schöberls_1,47.0445321,8.4185689,6353,CH,l,Quatre Cantons,weggis,quatre-cantons,True,Weggis,1069,4369,610290,120295,0
vierwaldstattersee_weggis_schoberls_2,vierwaldstättersee_weggis_schöberls_2,47.043953,8.4173076,6353,CH,l,Quatre Cantons,weggis,quatre-cantons,True,Weggis,1069,4369,53516,35552,0
vierwaldstattersee_weggis_schoberls_3,vierwaldstättersee_weggis_schöberls_3,47.0299566,8.410801,6353,CH,l,Quatre Cantons,weggis,quatre-cantons,True,Weggis,1069,4369,138365,67411,0
villa-barton,Villa Barton,46.22235,6.1525,1202,CH,l,Lac Léman,geneve,lac-leman,True,Genève,6621,201818,144439,117484,0
vira-gambarogno,Vira Gambarogno,46.143343,8.838759,6574,CH,l,Lago Maggiore,gambarogno,lago-maggiore,True,Gambarogno,5398,5192,289003,45677,17
vira-spiaggia-left-of-river,Vira spiaggia left of river,46.1429,8.838407,6573,CH,l,Lago Maggiore,gambarogno,lago-maggiore,True,Gambarogno,5398,5192,78820,98892,16
vorderrhein_disentis_schmidn,vorderrhein_disentis_schmidn,46.6982739,8.8578373,7180,CH,r,Vorderrhein,disentis-muster,vorderrhein,False,Disentis/Mustér,3982,2080,694122,99244,0
walensee_walenstadt_wysse,Walensee_Walenstadt_WyssE,47.1218282,9.2995517,8880,CH,l,Walensee,walenstadt,walensee,True,Walenstadt,3298,5679,405379,78706,9
weissenau-neuhaus,Weissenau-Neuhaus,46.676583,7.817528,3800,CH,l,Thunersee,unterseen,thunersee,True,Unterseen,593,5751,402243,39654,11
wycheley,Wycheley,46.74037,8.04864,3855,CH,l,Brienzersee,brienze-be,brienzersee,True,Brienz (BE),573,3092,801648,72715,11
zuerichsee_maennedorf_vanderkaadene,zuerichsee_maennedorf_vanderkaadene,47.254754,8.6875038,8708,CH,l,Zurichsee,mannedorf,zurichsee,False,Männedorf,155,11243,285438,97503,6
zuerichsee_richterswil_benkoem_2,zuerichsee_richterswil_benkoem_2,47.2176458,8.6987133,8805,CH,l,Zurichsee,richterswil,zurichsee,True,Richterswil,138,13513,209826,32157,3
zuerichsee_staefa_hennm,zuerichsee_staefa_hennm,47.2346431,8.7698814,8713,CH,l,Zurichsee,stafa,zurichsee,True,Stäfa,158,14497,820284,100503,4
zuerichsee_waedenswil_colomboc_1,zuerichsee_waedenswil_colomboc_1,47.2195468,8.6919611,8805,CH,l,Zurichsee,richterswil,zurichsee,True,Richterswil,138,13513,378376,41452,3
zuerichsee_zurich_kullg,zuerichsee_zurich_kullg,47.3539573,8.5504743,8008,CH,l,Zurichsee,zurich,zurichsee,False,Zürich,261,415367,114827,82111,3
zugerseecholler_cham_blarerm,ZugerseeCholler_Cham_BlarerM,47.1782157,8.4800128,6300,CH,l,Zugersee,zug,zugersee,True,Zug,1711,30542,338818,83415,0
zugersee_immensee_guedesd,zugersee_Immensee_Guedesd,47.1066869,8.4788812,6344,CH,l,Zugersee,meierskappel,zugersee,False,Meierskappel,1064,1460,57668,36327,0
zulg_steffisburg_schmassmanne,zulg_steffisburg_schmassmanne,46.7742431,7.6245372,3612,CH,r,Zulg,steffisburg,zulg,False,Steffisburg,939,15709,522597,173894,0
zurcher-strand,Zürcher Strand,47.3642,8.53742,8002,CH,l,Zurichsee,zurich,zurichsee,True,Zürich,261,415367,382858,152308,5
zurichsee-feldeggstr-banningersand,Zürichsee Feldeggstr BänningerSand,47.3593922,8.5473682,8008,CH,l,Zurichsee,zurich,zurichsee,False,Zürich,261,415367,831964,40698,7
zurichsee_kusnachterhorn_thirkell-whitej,Zürichsee_Küsnachterhorn_Thirkell WhiteJ,47.3176849,8.5768602,8700,CH,l,Zurichsee,kusnacht,zurichsee,True,Küsnacht (ZH),154,14397,184013,52995,3
zurichsee_wollishofen_langendorfm,zürichsee_wollishofen_langendorfm,47.3458899,8.5361545,8038,CH,l,Zurichsee,zurich,zurichsee,True,Zürich,261,415367,68439,48661,2
